{
    "description": "项目配置文件",
    "packOptions": {
        "ignore": [],
        "include": []
    },
    "setting": {
        "urlCheck": false,
        "es6": true,
        "enhance": true,
        "postcss": true,
        "preloadBackgroundData": false,
        "minified": true,
        "newFeature": true,
        "coverView": true,
        "nodeModules": true,
        "autoAudits": false,
        "showShadowRootInWxmlPanel": true,
        "scopeDataCheck": false,
        "uglifyFileName": false,
        "checkInvalidKey": true,
        "checkSiteMap": true,
        "uploadWithSourceMap": true,
        "compileHotReLoad": false,
        "useMultiFrameRuntime": true,
        "useApiHook": true,
        "useApiHostProcess": true,
        "babelSetting": {
            "ignore": [],
            "disablePlugins": [],
            "outputPath": ""
        },
        "enableEngineNative": false,
        "useIsolateContext": false,
        "useCompilerModule": true,
        "userConfirmedUseCompilerModuleSwitch": false,
        "userConfirmedBundleSwitch": false,
        "packNpmManually": false,
        "packNpmRelationList": [],
        "minifyWXSS": true
    },
    "compileType": "miniprogram",
    "libVersion": "2.7.7",
    "appid": "wx1fe4af6d185514d2",
    "projectname": "02-pyg",
    "simulatorType": "wechat",
    "simulatorPluginLibVersion": {},
    "editorSetting": {
        "tabIndent": "auto",
        "tabSize": 4
    },
    "condition": {
        "miniprogram": {
            "list": [
                {
                    "name": "分类页面",
                    "pathName": "pages/category/index",
                    "query": "",
                    "scene": null
                },
                {
                    "name": "商品列表",
                    "pathName": "pages/goods_list/index",
                    "query": "cid=5",
                    "scene": null
                },
                {
                    "name": "商品详情",
                    "pathName": "pages/goods_detail/index",
                    "query": "goods_id=43985",
                    "scene": null
                },
                {
                    "name": "购物车",
                    "pathName": "pages/cart/index",
                    "query": "",
                    "scene": null
                },
                {
                    "name": "支付",
                    "pathName": "pages/pay/index",
                    "query": "",
                    "scene": null
                },
                {
                    "name": "授权",
                    "pathName": "pages/auth/index",
                    "query": "",
                    "scene": null
                },
                {
                    "name": "登录页面",
                    "pathName": "pages/login/index",
                    "query": "",
                    "scene": null
                },
                {
                    "name": "个人中心",
                    "pathName": "pages/user/index",
                    "query": "",
                    "scene": null
                },
                {
                    "name": "订单查询",
                    "pathName": "pages/order/index",
                    "query": "type=1",
                    "scene": null
                },
                {
                    "name": "商品收藏",
                    "pathName": "pages/collect/index",
                    "query": "",
                    "scene": null
                },
                {
                    "name": "搜索中心",
                    "pathName": "pages/search/index",
                    "query": "",
                    "scene": null
                },
                {
                    "name": "意见反馈",
                    "pathName": "pages/feedback/index",
                    "query": "",
                    "scene": null
                }
            ]
        }
    }
}